Brand,Product,Flavor
Athletes Best,Energy Protein,Vanilla
Bala,Enzyme,Berry
Bala,Enzyme,Lime
Bala,Enzyme,Pineapple
Body Nutrition,ISO,Chocolate
Body Nutrition,ISO,Chocolate Peanut Butter
Body Nutrition,ISO,Vanilla
Body Nutrition,Protein,Shamrock
Body Nutrition,Salad in a Stick,Apple Cinnamon
Body Nutrition,Salad in a Stick,Strawberry Kiwi
Body Nutrition,Salad in a Stick,Tropical
Body Nutrition,Trutein,Banana
Body Nutrition,Trutein,Banana Cream
Body Nutrition,Trutein,Birthday Cake
Body Nutrition,Trutein,Blueberry
Body Nutrition,Trutein,Caramel
Body Nutrition,Trutein,Chocolate
Body Nutrition,Trutein,Chocolate Mint
Body Nutrition,Trutein,Chocolate Peanut Butter
Body Nutrition,Trutein,Chocolate-Peanut Butter Cup
Body Nutrition,Trutein,CinnaBun
Body Nutrition,Trutein,Cinnamon
Body Nutrition,Trutein,Coconut Cream
Body Nutrition,Trutein,Cookies & Cream
Body Nutrition,Trutein,Eggnog
Body Nutrition,Trutein,Lemon Meringue
Body Nutrition,Trutein,Marshmallow
Body Nutrition,Trutein,Mocha
Body Nutrition,Trutein,Natural Chocolate Peanut Butter
Body Nutrition,Trutein,Natural Vanilla
Body Nutrition,Trutein,Naturals Chocolate
Body Nutrition,Trutein,Naturals Chocolate-Peanut Butter Cup
Body Nutrition,Trutein,Naturals CinnaBun
Body Nutrition,Trutein,Naturals Vanilla
Body Nutrition,Trutein,Orange Cream
Body Nutrition,Trutein,Peanut Butter Marshmallow
Body Nutrition,Trutein,S'mores
Body Nutrition,Trutein,Salted Caramel
Body Nutrition,Trutein,Strawberry
Body Nutrition,Trutein,Vanilla
Click,Protein Coffee,Mocha
Click,Protein Coffee,Vanilla
Collosal Labs,Ejaculoid,
Collosal Labs,Goliath,Chocolate
Collosal Labs,Goliath,Chocolate Peanut Butter
Collosal Labs,Goliath,Chocolate-Peanut Butter Cup
Collosal Labs,Goliath,Cookies & Cream
Collosal Labs,Goliath,Peanut Butter
Collosal Labs,Goliath,Strawberry
Collosal Labs,Goliath,Vanilla
Collosal Labs,Goliath,Vicious Vanilla
Collosal Labs,Muscle Protein,Chocolate
Collosal Labs,Muscle Protein,Chocolate Peanut Butter
Collosal Labs,Muscle Protein,Cookies & Cream
Collosal Labs,Muscle Protein,Peanut Butter Chocolate
Collosal Labs,Muscle Protein,Strawberry
Collosal Labs,Muscle Protein,Strawberry Smoothie
Collosal Labs,Muscle Protein,Vanilla
Collosal Labs,Muscle Protein,Vicious Vanilla
Collosal Labs,Muscle Protein,Wonca Chocolate
Devotion Nutrition,Protein Powder & Baking Mix,Angel Food Cake
Devotion Nutrition,Protein Powder & Baking Mix,Brownie Batter
Devotion Nutrition,Protein Powder & Baking Mix,Buttery Blend
Devotion Nutrition,Protein Powder & Baking Mix,Ginger Bread
Devotion Nutrition,Protein Powder & Baking Mix,Mocha Java Chip
Devotion Nutrition,Protein Powder & Baking Mix,Sinful Cinnamon
Devotion Nutrition,Protein Powder & Baking Mix,Wild Blueberry
Devotion Nutrition,Protein Powder & Pudding Mix,Angel Food Cake
Devotion Nutrition,Protein Powder & Pudding Mix,Banana Foster
Devotion Nutrition,Protein Powder & Pudding Mix,Ginger Bread
Devotion Nutrition,Protein Powder & Pudding Mix,Salted Caramel Cone
Devotion Nutrition,Protein Powder & Pudding Mix,Sinful Cinnamon
Fit Connection,Lean Pro,Berry
Fit Connection,Lean Pro,Cookies & Cream
Fit Connection,Lean Pro,Vanilla
Fit Connection,Lean Protein,Berry
Fit Connection,Lean Protein,Cookies & Cream
Fit Connection,Lean Protein,Vanilla
Fit Connection,Natural Burn,
Fit Connection,Shred Her,NonStim Tropical
Fit Connection,Shred Her,Tropical Stim
Fit Connection,Shred Her,Watermelon
Fit Well,Natural Burn,
Fit Well,Shred Her Non Stimulant,Tropical Heat
Fit Well,Shred Her Stimulant,Tropical Heat
Fit Well,Shred Her Stimulant,Wild Watermelon
Fit&Lean,Amino Hydration,Citrus Lime
Fit&Lean,Amino Hydration,Peach Mango
Fit&Lean,Amino Hydration,Pink Lemonade
Fit&Lean,Clear Protein,Blue Raspberry
Fit&Lean,Creatine & GAA Complex,Rainbow Sherbert
FitLife,TripAct,Berry
FitLife,TripAct,Chocolate
FitLife,TripAct,Creamy Chocolate
FitLife,TripAct,Vanilla
Forgge,Preworkout,Blue Raspberry
Forgge,Preworkout,Fruit Punch
Forgge,Preworkout,Mango
GloFlex,GloPro Immune Blend,Recovery & Regeneration
Gloriously Vegan,Noochlicious,Mozza Noochy Licious
Gloriously Vegan,Noochlicious,Nacho Noochy
Gloriously Vegan,Noochlicious,Smoky
Gym Molly,After Party,Strawberry Kiwi
Gym Molly,Creatine,Unflavored
Gym Molly,Preworkout,Blue Raspberry
Gym Molly,Preworkout,Strawberry Kiwi
Gym Molly,Preworkout PRO,Blue Raspberry
Gym Molly,Protein,Cinnamon
Hand Nutrition,CLA,
HandIso,Protein,Vanilla
HAPI,Creatine,Unflavored
HAPI,Preworkout,Fruit punch
HAPI,Protein,Birthday Cake
HAPI,Protein,Chocolate-Peanut Butter Cup
HAPI,Protein,Cookie Dough
HAPI,Protein,Cookies & Cream
HAPI,Protein,Frosted Sugar Cookie
HAPI,Protein,Marshmallow
HAPI,Protein,Marshmallow Fluff
HAPI,Protein,Peanut Butter Marshmallow
HAPI,Protein,Samoa
HAPI,Protein,Sugar cookies
HAPI,ShredAM,Fat Burner
HAPI,ShredPM,Fat Burner
HP Ingredients,CholestProtect,
HP Ingredients,CitruSlim,not applicable
HP Ingredients,Paractin,not applicable
HP Ingredients,SAG Glutathione,
HP Ingredients,SAG Glutathione,Capsules
Jaquish,Cytronium,
Knowman Labs,Collagen,Coffee
Knowman Labs,Collagen,Unflavored
Love Sweat Fitness,Energy Boost,Sunkissed Tangerine
Medi-Weightloss,Muscle Formula,Pink Lemonade
Medi-Weightloss,Premium Protein Coffee,Mocha
Medi-Weightloss,Premium Protein Shake,Banana
Medi-Weightloss,Premium Protein Shake,Banana Cream
Medi-Weightloss,Premium Protein Shake,Birthday Cake
Medi-Weightloss,Premium Protein Shake,Caramel
Medi-Weightloss,Premium Protein Shake,Chocolate
Medi-Weightloss,Premium Protein Shake,Chocolate Peanut Butter
Medi-Weightloss,Premium Protein Shake,Chocolate-Peanut Butter Cup
Medi-Weightloss,Premium Protein Shake,Cinnamon
Medi-Weightloss,Premium Protein Shake,Cookies & Cream
Medi-Weightloss,Premium Protein Shake,Ginger Bread
Medi-Weightloss,Premium Protein Shake,Lemon
Medi-Weightloss,Premium Protein Shake,Lemon Meringue
Medi-Weightloss,Premium Protein Shake,Mocha
Medi-Weightloss,Premium Protein Shake,Orange
Medi-Weightloss,Premium Protein Shake,Pi√±a Colada
Medi-Weightloss,Premium Protein Shake,Salted Caramel
Medi-Weightloss,Premium Protein Shake,Strawberry
Medi-Weightloss,Premium Protein Shake,Vanilla
Medi-Weightloss,Protein Oatmeal,Maple Brown Sugar
Medi-Weightloss,Protein Pancake Mix,Blueberry
Medi-Weightloss,Protein Pancake Mix,Buttermilk
Medi-Weightloss,Protein Pancake Mix,Buttermilk Cinnamon
Miracle Heal,Be Well Be Chill,Gray
Miracle Heal,Be Well Be Chill,Purple
MSMS Nutrition,CLA,Tummy Toner
Mt. Capra,Goat Whey Protein,Unsweetened
Mt. Capra,Goat Whey Protein,Vanilla Bean
MuscleMeds,CARNIVOR,Fruity Cereal
MuscleMeds,CARNIVOR,Rocket Pop
MuscleMeds,Carnivore Protein Hydration,Cherry Lime
MuscleMeds,Carnivore Shred,Chocolate
MuscleMeds,Nitro Lift,Blue Slush
MyosMD,MD Muscle,Unflavored
MyosMD,Muscle Formula,Equine
MyosMD,Muscle Formula,Fortetropin
MyosMD,Muscle Formula,Plus
MyosMD,Muscle Formula,Vet Fomula
NuovoPharma,NVELECTRO920,Electrolyte Mix 9-20-24 approval
Shifted,Relief,Capsules
Strive Nutrition,FreeMilk,Chocolate
Strive Nutrition,FreeMilk,Whole Milk
Sunfluencer,SunD,
SURU,Balance Shake,Chocolate
SURU,Balance Shake,Vanilla
Syntrax,Nectar,Fuzzy Navel
Syntrax,Nectar,Vanilla Bean Torte
Tiger,Swolly,Unflavored
TricaGenix,Deanna Protocol,Citrus
TricaGenix,Deanna Protocol,Unflavored
Truvani,Organic Plant Based Protein,Chocolate
Truvani,Organic Plant Based Protein,Unflavored
Truvani,Organic Plant Based Protein,Vanilla
Truvani,Organic Whey Protein,Chocolate
Truvani,Organic Whey Protein,Chocolate Peanut Butter
Truvani,Organic Whey Protein,Strawberry
Truvani,Organic Whey Protein,Unflavored
Truvani,Organic Whey Protein,Vanilla
TTP Nutrition,GRIT,Blue Raspberry
TTP Nutrition,GRIT,Limeade
TTP Nutrition,GRIT,Strawberry-Watermelon
Turtle Tree,Lactoferrin,Unflavored
VITOL,Russian Bear 5000,Chocolate
Wellious,Almond Protein Powder,Chocolate
Wellious,Almond Protein Powder,Chocolate Peanut Butter
Wellious,Almond Protein Powder,Unflavored
Wellious,Almond Protein Powder,Vanilla
Wellious,Premium Protein Shake,Chocolate
Wellious,Premium Protein Shake,Unflavored
Wellious,Premium Protein Shake,Vanilla
